target,model,partial_rmse,full_rmse,rmse_change_full_minus_partial,partial_mape,full_mape,mape_change_full_minus_partial,partial_r2,full_r2,r2_change_full_minus_partial
energy,stirpat_only,3328.9302177047525,256.32165620542656,-3072.608561499326,0.24277519560301059,0.017536346315837656,-0.22523884928717292,0.8119698751200879,0.9988852213237714,0.18691534620368355
energy,hybrid,959.6369832502364,213.62734619648077,-746.0096370537557,0.055213495919593035,0.013030322549217713,-0.04218317337037532,0.9843745690055907,0.9992256599136179,0.014851090908027165
co2,stirpat_only,92.12692905914508,7.651101400786319,-84.47582765835877,0.24277519560301059,0.017536346315837656,-0.22523884928717292,0.8371894416926091,0.9988770580875843,0.1616876163949752
co2,hybrid,29.31919706702773,6.346230007463349,-22.972967059564382,0.055213495919593035,0.013030322549217703,-0.04218317337037533,0.9835102708860047,0.9992274243914454,0.015717153505440673
