{
  "hybrid": {
    "mae": 5.678696810913085,
    "rmse": 8.664037342300018,
    "mape_pct": 1.5093302371696122
  },
  "ipcc": {
    "mae": 74.61565791970432,
    "rmse": 132.1044548720138,
    "mape_pct": 18.957890971104813
  }
}