{
  "hybrid": {
    "mae": 5.689582082112627,
    "rmse": 8.913267146125586,
    "mape_pct": 1.553308203752348
  },
  "ipcc": {
    "mae": 45.60894203030111,
    "rmse": 60.3555480116408,
    "mape_pct": 14.487058641058818
  }
}