variant,target,model,n,mae,rmse,mape,smape,r2
partial_log,energy,stirpat_only,90,2790.9842055564404,3328.9302177047525,0.24277519560301059,0.2190943613878973,0.8119698751200879
partial_log,energy,hybrid,90,705.6514288061712,959.6369832502364,0.055213495919593035,0.055221384650419154,0.9843745690055907
partial_log,co2,stirpat_only,90,76.37093375879681,92.12692905914508,0.24277519560301059,0.2190943613878973,0.8371894416926091
partial_log,co2,hybrid,90,20.262397479281837,29.31919706702773,0.055213495919593035,0.055221384650419154,0.9835102708860047
full_log,energy,stirpat_only,90,198.9687799727028,256.32165620542656,0.017536346315837656,0.017438026847748728,0.9988852213237714
full_log,energy,hybrid,90,160.71593874496662,213.62734619648077,0.013030322549217713,0.01300024818957755,0.9992256599136179
full_log,co2,stirpat_only,90,5.760175111017684,7.651101400786319,0.017536346315837656,0.017438026847748728,0.9988770580875843
full_log,co2,hybrid,90,4.6910178160004445,6.346230007463349,0.013030322549217703,0.013000248189577544,0.9992274243914454
