,,mae,mae,mape,mape,r2,r2,rmse,rmse
variant,,full_log,partial_log,full_log,partial_log,full_log,partial_log,full_log,partial_log
target,model,,,,,,,,
co2,hybrid,4.6910178160004445,20.262397479281837,0.013030322549217703,0.055213495919593035,0.9992274243914454,0.9835102708860047,6.346230007463349,29.31919706702773
co2,stirpat_only,5.760175111017684,76.37093375879681,0.017536346315837656,0.24277519560301059,0.9988770580875843,0.8371894416926091,7.651101400786319,92.12692905914508
energy,hybrid,160.71593874496662,705.6514288061712,0.013030322549217713,0.055213495919593035,0.9992256599136179,0.9843745690055907,213.62734619648077,959.6369832502364
energy,stirpat_only,198.9687799727028,2790.9842055564404,0.017536346315837656,0.24277519560301059,0.9988852213237714,0.8119698751200879,256.32165620542656,3328.9302177047525
