{
  "config": {
    "dataset_npz": "C:\\Users\\LuoXue\\Desktop\\TJJM\\Code\\STIRPAT\\output\\dataset\\stirpat_ee_gru_dataset.npz",
    "model_ckpt": "C:\\Users\\LuoXue\\Desktop\\TJJM\\Code\\STIRPAT\\output\\model\\best_ee_gru.pt",
    "output_json": "C:\\Users\\LuoXue\\Desktop\\TJJM\\Code\\STIRPAT\\output\\model\\reconstruction_metrics.json",
    "output_detail_dir": "C:\\Users\\LuoXue\\Desktop\\TJJM\\Code\\STIRPAT\\output\\model",
    "batch_size": 256
  },
  "metrics": {
    "train": {
      "stirpat_only": {
        "mae": 731.29833984375,
        "rmse": 1188.6973876953125,
        "mape": 0.10378368943929672,
        "smape": 0.10312211513519287,
        "r2": 0.9589613129771165
      },
      "hybrid_reconstruct": {
        "mae": 329.2910461425781,
        "rmse": 554.6420288085938,
        "mape": 0.04949648678302765,
        "smape": 0.04968874901533127,
        "r2": 0.9910653731925282
      }
    },
    "valid": {
      "stirpat_only": {
        "mae": 2790.98486328125,
        "rmse": 3328.930908203125,
        "mape": 0.24277520179748535,
        "smape": 0.21909436583518982,
        "r2": 0.8119698295616666
      },
      "hybrid_reconstruct": {
        "mae": 705.3091430664062,
        "rmse": 967.3740844726562,
        "mape": 0.055251359939575195,
        "smape": 0.055470891296863556,
        "r2": 0.9841215959655308
      }
    }
  }
}