{
  "config": {
    "dataset_npz": "C:\\Users\\LuoXue\\Desktop\\TJJM\\Code\\STIRPAT\\output\\dataset\\stirpat_ee_gru_dataset.npz",
    "model_ckpt": "C:\\Users\\LuoXue\\Desktop\\TJJM\\Code\\STIRPAT\\output\\model\\best_ee_gru.pt",
    "output_json": "C:\\Users\\LuoXue\\Desktop\\TJJM\\Code\\STIRPAT\\output\\model\\reconstruction_metrics.json",
    "output_detail_dir": "C:\\Users\\LuoXue\\Desktop\\TJJM\\Code\\STIRPAT\\output\\model",
    "batch_size": 256
  },
  "metrics": {
    "train": {
      "stirpat_only": {
        "mae": 668.3305053710938,
        "rmse": 1075.60302734375,
        "mape": 0.10939846932888031,
        "smape": 0.10843190550804138,
        "r2": 0.9663987939200716
      },
      "hybrid_reconstruct": {
        "mae": 327.5760498046875,
        "rmse": 505.0823974609375,
        "mape": 0.05846161022782326,
        "smape": 0.05891340970993042,
        "r2": 0.9925907317597259
      }
    },
    "valid": {
      "stirpat_only": {
        "mae": 1957.4501953125,
        "rmse": 2829.21484375,
        "mape": 0.15704713761806488,
        "smape": 0.15297921001911163,
        "r2": 0.8641843541370573
      },
      "hybrid_reconstruct": {
        "mae": 795.4732055664062,
        "rmse": 1167.6519775390625,
        "mape": 0.059396032243967056,
        "smape": 0.0584477037191391,
        "r2": 0.976866316377725
      }
    }
  }
}