scenario,year,national_co2,is_actual
extensive,2023,11169.962000000001,True
extensive,2024,11337.041397695659,False
extensive,2025,11596.897817492923,False
extensive,2026,11858.868488788281,False
extensive,2027,12117.58058351782,False
extensive,2028,12381.959248690813,False
extensive,2029,12650.504065338244,False
extensive,2030,12924.198373525925,False
extensive,2031,13188.487487431472,False
extensive,2032,13460.85373879387,False
extensive,2033,13738.581949681218,False
extensive,2034,14021.130629873964,False
extensive,2035,14309.245817853347,False
