scenario,year,national_co2,is_actual
low_carbon,2023,11169.962000000001,True
low_carbon,2024,11228.066488285065,False
low_carbon,2025,11374.202618310188,False
low_carbon,2026,11519.48581433694,False
low_carbon,2027,11658.532694706684,False
low_carbon,2028,11799.25450106778,False
low_carbon,2029,11940.029957271467,False
low_carbon,2030,12081.525453504059,False
low_carbon,2031,12210.893705641078,False
low_carbon,2032,12343.758581290445,False
low_carbon,2033,12477.456337801945,False
low_carbon,2034,12611.347787745399,False
low_carbon,2035,12746.115749016633,False
